time_elapsed,total_rollout_steps,epoch,rollout/ep_steps,rollout/return,critic_lr,actor_lr
4.2406792640686035,200,,200.0,-226.18178735189474,0.0001,0.0001
time_elapsed,total_rollout_steps,epoch,rollout/ep_steps,rollout/return,critic_lr,actor_lr,test/total_rollout_steps,test/succ_rate,test/mean_final_dist,train/mean_final_dist,train/succ_rate
4.2406792640686035,200,,200.0,-226.18178735189474,0.0001,0.0001,,,,,
,,,,,,,200,,0.7057797106746553,0.7057797106746553,
16.876900672912598,400,1,200.0,-225.78909297128212,0.0001,0.0001,,,,,
21.225281715393066,600,2,200.0,-227.04569178695624,0.0001,0.0001,,,,,
25.502852201461792,800,3,200.0,-225.45317596774206,0.0001,0.0001,,,,,
29.815327882766724,1000,4,200.0,-224.64631888453852,0.0001,0.0001,,,,,
