epoch,rollout/return,actor_lr,critic_lr,time_elapsed,rollout/ep_steps,total_rollout_steps
,-200.0,0.0001,0.0001,4.277621030807495,200.0,200
epoch,rollout/return,actor_lr,critic_lr,time_elapsed,rollout/ep_steps,total_rollout_steps,train/succ_rate,test/succ_rate,train/mean_final_dist_reached,train/mean_final_dist,test/total_rollout_steps,test/mean_final_dist
,-200.0,0.0001,0.0001,4.277621030807495,200.0,200,,,,,,
,,,,,,,,,0.12395927802631708,0.2250100001249086,200,0.2250100001249086
1,-200.0,0.0001,0.0001,17.948049545288086,200.0,400,,,,,,
2,-200.0,0.0001,0.0001,22.385159969329834,200.0,600,,,,,,
3,-200.0,0.0001,0.0001,26.86671543121338,200.0,800,,,,,,
4,-200.0,0.0001,0.0001,31.371315002441406,200.0,1000,,,,,,
5,-200.0,0.0001,0.0001,35.84002161026001,200.0,1200,,,,,,
6,-200.0,0.0001,0.0001,40.3394992351532,200.0,1400,,,,,,
