actor_lr,rollout/ep_steps,epoch,total_rollout_steps,rollout/return,critic_lr,time_elapsed
0.0001,200.0,,200,-200.0,0.0001,3.481478214263916
actor_lr,rollout/ep_steps,epoch,total_rollout_steps,rollout/return,critic_lr,time_elapsed,train/succ_rate,test/total_rollout_steps,train/mean_final_dist,test/mean_final_dist,test/succ_rate
0.0001,200.0,,200,-200.0,0.0001,3.481478214263916,,,,,
,,,,,,,,200,0.9379580689758543,0.9379580689758543,
0.0001,200.0,1,400,-200.0,0.0001,13.867914915084839,,,,,
0.0001,200.0,2,600,-200.0,0.0001,17.331489324569702,,,,,
0.0001,200.0,3,800,-200.0,0.0001,20.771039962768555,,,,,
0.0001,200.0,4,1000,-200.0,0.0001,24.214783430099487,,,,,
0.0001,200.0,5,1200,-200.0,0.0001,27.811301708221436,,,,,
0.0001,200.0,6,1400,-200.0,0.0001,31.241939067840576,,,,,
