{
    "min": [
        0.9294657839859879,
        2.1196646157249273,
        0.5691758760089558,
        0.30675915167904233,
        0.30584026670309833,
        0.04708999248237726,
        0.003926488849472554,
        0.0019358874754931144,
        0.0020227342278398286,
        0.0044992961872560855,
        0.0007869006212033458,
        0.0020227342278398286,
        0.010113231069171438,
        0.012841623760847382,
        0.010778676114340056,
        0.012841623760847382,
        0.01375573568524916,
        0.010968030077364776
    ],
    "max": [
        7.378795825472774,
        16.76275082597375,
        4.516237218979131,
        2.4346232880807817,
        2.437206799538436,
        0.37542933746262785,
        1.9984875992640891,
        1.9996684452158637,
        1.9972444205444269,
        1.9984965364341085,
        1.9967784242301763,
        1.9989103079570565,
        149.84810558772338,
        149.96331580122708,
        149.84810558772338,
        149.96331580122708,
        149.4491991691235,
        149.31635058597092
    ],
    "mu": [
        3.9098354672661375,
        9.090226380855853,
        2.412373347378302,
        1.3150989211764323,
        1.309653508833289,
        0.20571658731340306,
        0.9882398613143963,
        0.9760547886462512,
        0.9940783610699864,
        1.0371549501001887,
        0.9931832727451144,
        1.0065325099353524,
        38.65462913086565,
        39.91288153222629,
        34.40699564010824,
        36.537387198046176,
        36.38539387395931,
        36.051873655642716
    ],
    "sigma": [
        1.8872087294518363,
        4.288463017815022,
        1.1590029407574278,
        0.6149911707461562,
        0.6291332906778684,
        0.09481438727178002,
        0.5731326318610214,
        0.5807660036174346,
        0.5757261727049751,
        0.5782641228125401,
        0.5741430230166803,
        0.5640366777633667,
        47.825730539387656,
        48.16680695412248,
        46.3328736828807,
        49.11551743656512,
        48.26345364830525,
        47.197692649520036
    ]
}