{
    "min": [
        1.010205941010331,
        0.9374542256172482,
        2.1206879968940537,
        0.5714958536670601,
        0.31204894667759664,
        0.3057494283832382,
        0.047145360511692214,
        0.2506119876656586,
        0.7666178374723953,
        0.025220482321711812,
        0.025815544431229992,
        0.025018719824569487,
        0.025390578687904078,
        0.026245071472381244,
        0.02542321165230506,
        0.026977909300358184,
        0.02508198756220166,
        0.02621655933164506,
        0.0057484889042684895,
        0.006629228356973993,
        0.004331230107827322,
        0.007172109943857974,
        0.015625966598080243,
        0.0023842645250053973,
        0.01747285286420079,
        0.01039800464244386,
        0.012605478164248207,
        0.010756741623406143,
        0.010394396254204272,
        0.019245300370377565
    ],
    "max": [
        7.995725725088823,
        7.358433556684709,
        16.76275082597375,
        4.545512201849273,
        2.4335803655251924,
        2.4165057581699894,
        0.3757720362932365,
        1.9869031432630644,
        5.9557346305171,
        0.1992412479894486,
        0.19963743769689848,
        0.199048263384244,
        0.198614305778489,
        0.1998931431272206,
        0.1986918661023673,
        0.19749348047820892,
        0.19877840687881118,
        0.19973470735310778,
        1.9827722561084484,
        1.982840961314922,
        1.9802712738358792,
        1.9996684452158637,
        1.9976092402467547,
        1.9987836828492118,
        148.26656231511564,
        148.91879918383265,
        148.65051687457893,
        149.87521858562644,
        149.7599863808852,
        145.58539504907836
    ],
    "mu": [
        4.108353432870707,
        3.7179545659751874,
        8.703615801664913,
        2.411094325654233,
        1.2825353090609537,
        1.2971315705350477,
        0.20449637779925575,
        1.0680138852487657,
        3.035165206536642,
        0.10968663071920494,
        0.1080497732576714,
        0.10672285180292024,
        0.10723048008813717,
        0.10328487477981822,
        0.10232846985784619,
        0.11036925501680062,
        0.1083281705462634,
        0.11059030320928966,
        1.015223346943212,
        1.048856173765769,
        0.9753046939661979,
        0.9922068380833268,
        1.0049934532317604,
        1.0040697977979747,
        36.973284518097294,
        38.63641298032687,
        35.795302371778725,
        41.20989830092668,
        37.67868769771603,
        40.145384490972205
    ],
    "sigma": [
        2.0179607239802646,
        1.8594706972253219,
        4.168455681321727,
        1.1346003631414814,
        0.6104493573435857,
        0.6092108359597592,
        0.099413288588564,
        0.4885663798494164,
        1.363989363443681,
        0.046327862732499656,
        0.05153346610158369,
        0.051882731648044106,
        0.04854874451054944,
        0.052015122569250116,
        0.0499102555209038,
        0.05024336256743063,
        0.05110378765415124,
        0.04981915947003639,
        0.5730876043341022,
        0.5642320389575783,
        0.5761683305272282,
        0.5820948397863162,
        0.5770441908876142,
        0.5777066123943477,
        46.19991605462406,
        46.788279433778634,
        49.71723964751612,
        49.027387671163545,
        46.96035220283538,
        48.57361156456895
    ]
}