{
    "min": [
        0.9294657839859879,
        2.1196646157249273,
        0.5691758760089558,
        0.30675915167904233,
        0.30584026670309833,
        0.04708999248237726,
        0.019632444247362768,
        0.009679437377465572,
        0.010113671139199143,
        0.022496480936280427,
        0.003934503106016729,
        0.010113671139199143,
        0.010113231069171438,
        0.012841623760847382,
        0.010778676114340056,
        0.012841623760847382,
        0.01375573568524916,
        0.010968030077364776
    ],
    "max": [
        7.378795825472774,
        16.76275082597375,
        4.516237218979131,
        2.4346232880807817,
        2.437206799538436,
        0.37542933746262785,
        9.992437996320445,
        9.998342226079318,
        9.986222102722135,
        9.992482682170543,
        9.98389212115088,
        9.994551539785283,
        29.970436658013274,
        29.99286012238648,
        29.970436658013274,
        29.99286012238648,
        29.89279715372202,
        29.86694071807488
    ],
    "mu": [
        3.9098354672661375,
        9.090226380855853,
        2.412373347378302,
        1.3150989211764323,
        1.309653508833289,
        0.20571658731340306,
        4.941199306571983,
        4.880273943231248,
        4.970391805349929,
        5.185774750500945,
        4.965916363725571,
        5.032662549676762,
        8.144078933293127,
        8.373123819854635,
        7.298950203298472,
        7.705867665272629,
        7.679743915978286,
        7.618634303177296
    ],
    "sigma": [
        1.8872087294518363,
        4.288463017815022,
        1.1590029407574278,
        0.6149911707461562,
        0.6291332906778684,
        0.09481438727178002,
        2.8656631593051074,
        2.9038300180871746,
        2.878630863524875,
        2.891320614062701,
        2.8707151150833994,
        2.8201833888168335,
        9.458315406714343,
        9.541918823837708,
        9.169428241141805,
        9.716783282281503,
        9.550625564018167,
        9.342274210928357
    ]
}